<application>
  <component name="ActionsLocalSummary">
    <e n="$SelectAll">
      <i c="3" l="1746801375764" />
    </e>
    <e n="$Undo">
      <i c="1" l="1746800990091" />
    </e>
    <e n="EditorBackSpace">
      <i c="4" l="1746801672807" />
    </e>
    <e n="EditorCopy">
      <i c="5" l="1746801064273" />
    </e>
    <e n="EditorCut">
      <i c="7" l="1746801605235" />
    </e>
    <e n="EditorLeft">
      <i c="3" l="1746801086561" />
    </e>
    <e n="EditorPaste">
      <i c="16" l="1747011926841" />
    </e>
    <e n="com.intellij.application.options.schemes.AbstractSchemesPanel$ShowSchemesActionsListAction">
      <i c="1" l="1746800667073" />
    </e>
    <e n="com.intellij.codeInsight.template.impl.TemplateListPanel$8">
      <i c="2" l="1746801060390" />
    </e>
    <e n="com.intellij.ide.actions.CollapseAllAction">
      <i c="3" l="1746801640667" />
    </e>
    <e n="com.intellij.ide.plugins.newui.TabbedPaneHeaderComponent$3">
      <i c="1" l="1746800073098" />
    </e>
    <e n="com.intellij.ide.startup.importSettings.chooser.productChooser.SkipImportAction">
      <i c="1" l="1746799662678" />
    </e>
    <e n="com.intellij.ide.ui.customization.CustomizableActionsPanel$MoveDownAction">
      <i c="1" l="1747011959545" />
    </e>
    <e n="com.intellij.ide.ui.customization.CustomizableActionsPanel$MoveUpAction">
      <i c="1" l="1747011961385" />
    </e>
    <e n="com.intellij.ide.ui.customization.CustomizableActionsPanel$RemoveAction">
      <i c="4" l="1747011963641" />
    </e>
    <e n="com.intellij.openapi.actionSystem.AnActionWrapper">
      <i c="1" l="1746801567406" />
    </e>
    <e n="com.intellij.openapi.keymap.impl.ui.KeymapPanel$FindByShortcutAction">
      <i c="3" l="1747011884790" />
    </e>
    <e n="com.intellij.ui.CommonActionsPanel$AddButton">
      <i c="1" l="1746801289184" />
    </e>
    <e n="com.intellij.ui.CommonActionsPanel$RemoveButton">
      <i c="8" l="1746801102323" />
    </e>
  </component>
</application>