<application>
  <component name="CodeInsightSettings">
    <option name="AUTO_POPUP_JAVADOC_INFO" value="true" />
    <option name="SMART_END_ACTION" value="false" />
    <option name="HIGHLIGHT_SCOPE" value="true" />
    <option name="HIGHLIGHT_IDENTIFIER_UNDER_CARET" value="false" />
    <option name="TAB_EXITS_BRACKETS_AND_QUOTES" value="false" />
  </component>
  <component name="CodeVisionSettings">
    <option name="codeVisionGroupToPosition">
      <map>
        <entry key="go.implement.interface" value="Default" />
        <entry key="inheritors" value="Default" />
        <entry key="references" value="Default" />
        <entry key="rename" value="Default" />
        <entry key="vcs.code.vision" value="Default" />
        <entry key="vgo.update.dependencies" value="Default" />
      </map>
    </option>
    <option name="defaultPosition" value="Right" />
    <option name="disabledCodeVisionProviderIds">
      <set>
        <option value="go.implement.interface" />
        <option value="inheritors" />
        <option value="references" />
        <option value="rename" />
        <option value="vcs.code.vision" />
        <option value="vgo.update.dependencies" />
      </set>
    </option>
    <option name="enabled" value="false" />
  </component>
  <component name="EditorSettings">
    <option name="languageBreadcrumbsMap">
      <map>
        <entry key="protobuf" value="true" />
      </map>
    </option>
    <option name="IS_ENSURE_NEWLINE_AT_EOF" value="true" />
    <option name="REMOVE_TRAILING_BLANK_LINES" value="true" />
    <option name="SHOW_INTENTION_BULB" value="false" />
    <option name="IS_RIGHT_MARGIN_SHOWN" value="false" />
    <option name="SHOW_BREADCRUMBS" value="false" />
    <option name="SMART_HOME" value="false" />
    <option name="IS_HIGHLIGHT_SELECTION_OCCURRENCES" value="false" />
    <option name="IS_ALL_SOFTWRAPS_SHOWN" value="true" />
    <option name="IS_DND_ENABLED" value="false" />
    <option name="IS_MOUSE_CLICK_SELECTION_HONORS_CAMEL_WORDS" value="false" />
    <option name="ADD_CARETS_ON_DOUBLE_CTRL" value="false" />
  </component>
  <component name="InlayHintsSettings">
    <option name="lastViewedProviderKeyId" value="go.go.inlays.display.constant.definition" />
  </component>
  <component name="JsonEditorOptions">
    <option name="AUTO_QUOTE_PROP_NAME" value="false" />
  </component>
  <component name="XmlEditorOptions">
    <option name="tagTreeHighlightingEnabled" value="false" />
  </component>
</application>