<profile version="1.0" is_locked="true">
  <option name="myName" value="Default" />
  <inspection_tool class="Annotator" enabled="false" level="ERROR" enabled_by_default="false" />
  <inspection_tool class="CheckDtdRefs" enabled="false" level="ERROR" enabled_by_default="false" />
  <inspection_tool class="CheckEmptyScriptTag" enabled="false" level="WARNING" enabled_by_default="false" />
  <inspection_tool class="CheckTagEmptyBody" enabled="false" level="WARNING" enabled_by_default="false" />
  <inspection_tool class="CheckValidXmlInScriptTagBody" enabled="false" level="ERROR" enabled_by_default="false" />
  <inspection_tool class="CheckXmlFileWithXercesValidator" enabled="false" level="ERROR" enabled_by_default="false" />
  <inspection_tool class="CustomRegExpInspection" enabled="true" level="WARNING" enabled_by_default="true" />
  <inspection_tool class="DuplicatedCode" enabled="false" level="WEAK WARNING" enabled_by_default="false" />
  <inspection_tool class="EmptyDirectory" enabled="false" level="WARNING" enabled_by_default="false" />
  <inspection_tool class="GoAssignmentToReceiver" enabled="false" level="WEAK WARNING" enabled_by_default="false" />
  <inspection_tool class="GoBoolExpressions" enabled="false" level="WARNING" enabled_by_default="false" />
  <inspection_tool class="GoBuildTag" enabled="true" level="WEAK WARNING" enabled_by_default="true" />
  <inspection_tool class="GoCommentLeadingSpace" enabled="true" level="WEAK WARNING" enabled_by_default="true" />
  <inspection_tool class="GoCommentStart" enabled="true" level="WEAK WARNING" enabled_by_default="true" />
  <inspection_tool class="GoContextTodo" enabled="false" level="WEAK WARNING" enabled_by_default="false" />
  <inspection_tool class="GoConvertStringLiterals" enabled="false" level="INFORMATION" enabled_by_default="false" />
  <inspection_tool class="GoCyclicImports" enabled="true" level="ERROR" enabled_by_default="true" />
  <inspection_tool class="GoDebugDirective" enabled="true" level="WARNING" enabled_by_default="true" />
  <inspection_tool class="GoDebugMinGoSdkVersion" enabled="true" level="WARNING" enabled_by_default="true" />
  <inspection_tool class="GoDeferGo" enabled="true" level="WEAK WARNING" enabled_by_default="true" />
  <inspection_tool class="GoDeferInLoop" enabled="true" level="WEAK WARNING" enabled_by_default="true" />
  <inspection_tool class="GoDeprecation" enabled="false" level="WARNING" enabled_by_default="false" />
  <inspection_tool class="GoDfaConstantCondition" enabled="true" level="WARNING" enabled_by_default="true" />
  <inspection_tool class="GoDfaErrorMayBeNotNil" enabled="true" level="ERROR" enabled_by_default="true" editorAttributes="ERRORS_ATTRIBUTES" />
  <inspection_tool class="GoDfaInspectionRunner" enabled="true" level="WARNING" enabled_by_default="true" />
  <inspection_tool class="GoDfaNilDereference" enabled="true" level="WARNING" enabled_by_default="true" />
  <inspection_tool class="GoDirectComparisonOfErrors" enabled="true" level="WEAK WARNING" enabled_by_default="true" />
  <inspection_tool class="GoDisabledGopathIndexing" enabled="false" level="WEAK WARNING" enabled_by_default="false" />
  <inspection_tool class="GoDivisionByZero" enabled="true" level="ERROR" enabled_by_default="true" editorAttributes="ERRORS_ATTRIBUTES" />
  <inspection_tool class="GoEmptyDeclaration" enabled="false" level="WARNING" enabled_by_default="false" />
  <inspection_tool class="GoErrorStringFormat" enabled="false" level="WEAK WARNING" enabled_by_default="false" />
  <inspection_tool class="GoErrorsAs" enabled="true" level="ERROR" enabled_by_default="true" editorAttributes="ERRORS_ATTRIBUTES" />
  <inspection_tool class="GoExportedElementShouldHaveComment" enabled="true" level="WARNING" enabled_by_default="true" editorAttributes="WARNING_ATTRIBUTES" />
  <inspection_tool class="GoExportedFuncWithUnexportedType" enabled="false" level="WARNING" enabled_by_default="false" />
  <inspection_tool class="GoExportedOwnDeclaration" enabled="false" level="WEAK WARNING" enabled_by_default="false" />
  <inspection_tool class="GoFuzzingSupport" enabled="false" level="WARNING" enabled_by_default="false" />
  <inspection_tool class="GoImportUsedAsName" enabled="true" level="ERROR" enabled_by_default="true" editorAttributes="ERRORS_ATTRIBUTES" />
  <inspection_tool class="GoInfiniteFor" enabled="false" level="WARNING" enabled_by_default="false" />
  <inspection_tool class="GoInterfaceToAny" enabled="true" level="INFORMATION" enabled_by_default="true" />
  <inspection_tool class="GoIrregularIota" enabled="false" level="WEAK WARNING" enabled_by_default="false" />
  <inspection_tool class="GoLeadingWhitespaceInDirectiveComment" enabled="true" level="WARNING" enabled_by_default="true" />
  <inspection_tool class="GoLoopClosure" enabled="false" level="WARNING" enabled_by_default="false" />
  <inspection_tool class="GoMissingTrailingComma" enabled="true" level="ERROR" enabled_by_default="true" />
  <inspection_tool class="GoMixedReceiverTypes" enabled="true" level="WEAK WARNING" enabled_by_default="true" />
  <inspection_tool class="GoNameStartsWithPackageName" enabled="true" level="WEAK WARNING" enabled_by_default="true" />
  <inspection_tool class="GoNilness" enabled="false" level="WARNING" enabled_by_default="false" />
  <inspection_tool class="GoPreferNilSlice" enabled="false" level="WEAK WARNING" enabled_by_default="false" />
  <inspection_tool class="GoPrintFunctions" enabled="true" level="WEAK WARNING" enabled_by_default="true" />
  <inspection_tool class="GoReceiverNames" enabled="true" level="WEAK WARNING" enabled_by_default="true" />
  <inspection_tool class="GoRedundantBlankArgInRange" enabled="false" level="WARNING" enabled_by_default="false" />
  <inspection_tool class="GoRedundantComma" enabled="false" level="WEAK WARNING" enabled_by_default="false" />
  <inspection_tool class="GoRedundantConversion" enabled="false" level="WEAK WARNING" enabled_by_default="false" />
  <inspection_tool class="GoRedundantImportAlias" enabled="false" level="WEAK WARNING" enabled_by_default="false" />
  <inspection_tool class="GoRedundantParens" enabled="false" level="WEAK WARNING" enabled_by_default="false" />
  <inspection_tool class="GoRedundantSecondIndexInSlices" enabled="false" level="WARNING" enabled_by_default="false" />
  <inspection_tool class="GoRedundantSemicolon" enabled="false" level="WEAK WARNING" enabled_by_default="false" />
  <inspection_tool class="GoRedundantTrueInForCondition" enabled="true" level="WEAK WARNING" enabled_by_default="true" />
  <inspection_tool class="GoRedundantTypeDeclInCompositeLit" enabled="false" level="WARNING" enabled_by_default="false" />
  <inspection_tool class="GoReservedWordUsedAsName" enabled="true" level="ERROR" enabled_by_default="true" editorAttributes="ERRORS_ATTRIBUTES" />
  <inspection_tool class="GoSelfAssignment" enabled="false" level="WEAK WARNING" enabled_by_default="false" />
  <inspection_tool class="GoShadowedVar" enabled="false" level="TEXT ATTRIBUTES" enabled_by_default="false" />
  <inspection_tool class="GoShift" enabled="true" level="WARNING" enabled_by_default="true" />
  <inspection_tool class="GoSnakeCaseUsage" enabled="true" level="WEAK WARNING" enabled_by_default="true" />
  <inspection_tool class="GoStandardMethods" enabled="false" level="WARNING" enabled_by_default="false" />
  <inspection_tool class="GoStringsReplaceCount" enabled="false" level="WARNING" enabled_by_default="false" />
  <inspection_tool class="GoStructInitializationWithoutFieldNames" enabled="false" level="WEAK WARNING" enabled_by_default="false" />
  <inspection_tool class="GoSwitchMissingCasesForIotaConsts" enabled="false" level="WARNING" enabled_by_default="false" />
  <inspection_tool class="GoTestName" enabled="false" level="WARNING" enabled_by_default="false" />
  <inspection_tool class="GoTypeAssertionOnErrors" enabled="true" level="WEAK WARNING" enabled_by_default="true" />
  <inspection_tool class="GoTypeParameterInLowerCase" enabled="true" level="WEAK WARNING" enabled_by_default="true" editorAttributes="INFO_ATTRIBUTES" />
  <inspection_tool class="GoUnhandledErrorResult" enabled="false" level="WARNING" enabled_by_default="false" />
  <inspection_tool class="GoUnitSpecificDurationSuffix" enabled="true" level="WEAK WARNING" enabled_by_default="true" />
  <inspection_tool class="GoUnnecessarilyExportedIdentifiers" enabled="false" level="WEAK WARNING" enabled_by_default="false" />
  <inspection_tool class="GoUnreachableCode" enabled="true" level="WARNING" enabled_by_default="true" />
  <inspection_tool class="GoUnsortedImport" enabled="true" level="WEAK WARNING" enabled_by_default="true" />
  <inspection_tool class="GoUnusedCallResult" enabled="false" level="WARNING" enabled_by_default="false" />
  <inspection_tool class="GoUnusedConst" enabled="true" level="WARNING" enabled_by_default="true" />
  <inspection_tool class="GoUnusedExportedFunction" enabled="true" level="WARNING" enabled_by_default="true" />
  <inspection_tool class="GoUnusedExportedType" enabled="true" level="WARNING" enabled_by_default="true" />
  <inspection_tool class="GoUnusedFunction" enabled="true" level="WARNING" enabled_by_default="true" />
  <inspection_tool class="GoUnusedGlobalVariable" enabled="true" level="WARNING" enabled_by_default="true" />
  <inspection_tool class="GoUnusedParameter" enabled="true" level="WARNING" enabled_by_default="true" />
  <inspection_tool class="GoUnusedType" enabled="true" level="WARNING" enabled_by_default="true" />
  <inspection_tool class="GoUnusedTypeParameter" enabled="true" level="WARNING" enabled_by_default="true" />
  <inspection_tool class="GoVarAndConstTypeMayBeOmitted" enabled="false" level="WEAK WARNING" enabled_by_default="false" />
  <inspection_tool class="GoVetAtomic" enabled="true" level="WARNING" enabled_by_default="true" />
  <inspection_tool class="GoVetCopyLock" enabled="true" level="WARNING" enabled_by_default="true" />
  <inspection_tool class="GoVetFailNowInNotTestGoroutine" enabled="false" level="WARNING" enabled_by_default="false" />
  <inspection_tool class="GoVetImpossibleInterfaceToInterfaceAssertion" enabled="true" level="ERROR" enabled_by_default="true" editorAttributes="ERRORS_ATTRIBUTES" />
  <inspection_tool class="GoVetIntToStringConversion" enabled="true" level="WARNING" enabled_by_default="true" />
  <inspection_tool class="GoVetLostCancel" enabled="true" level="WARNING" enabled_by_default="true" />
  <inspection_tool class="GoVetStructTag" enabled="true" level="WARNING" enabled_by_default="true" />
  <inspection_tool class="GoVetUnmarshal" enabled="true" level="WARNING" enabled_by_default="true" />
  <inspection_tool class="GoVetUnsafePointer" enabled="true" level="WARNING" enabled_by_default="true" />
  <inspection_tool class="HtmlExtraClosingTag" enabled="false" level="WARNING" enabled_by_default="false" />
  <inspection_tool class="HtmlMissingClosingTag" enabled="false" level="INFORMATION" enabled_by_default="false" />
  <inspection_tool class="HtmlUnknownAnchorTarget" enabled="false" level="WARNING" enabled_by_default="false" />
  <inspection_tool class="HtmlUnknownAttribute" enabled="false" level="WARNING" enabled_by_default="false" />
  <inspection_tool class="HtmlUnknownBooleanAttribute" enabled="false" level="WARNING" enabled_by_default="false" />
  <inspection_tool class="HtmlUnknownTag" enabled="false" level="WARNING" enabled_by_default="false" />
  <inspection_tool class="HtmlUnknownTarget" enabled="false" level="WARNING" enabled_by_default="false" />
  <inspection_tool class="HtmlWrongAttributeValue" enabled="false" level="WARNING" enabled_by_default="false" />
  <inspection_tool class="IgnoreFileDuplicateEntry" enabled="false" level="WARNING" enabled_by_default="false" />
  <inspection_tool class="InconsistentLineSeparators" enabled="false" level="WARNING" enabled_by_default="false" />
  <inspection_tool class="IncorrectFormatting" enabled="false" level="WEAK WARNING" enabled_by_default="false" />
  <inspection_tool class="Json5StandardCompliance" enabled="false" level="ERROR" enabled_by_default="false" />
  <inspection_tool class="JsonDuplicatePropertyKeys" enabled="false" level="WARNING" enabled_by_default="false" />
  <inspection_tool class="JsonSchemaCompliance" enabled="false" level="WARNING" enabled_by_default="false" />
  <inspection_tool class="JsonSchemaDeprecation" enabled="false" level="WEAK WARNING" enabled_by_default="false" />
  <inspection_tool class="JsonSchemaRefReference" enabled="false" level="WARNING" enabled_by_default="false" />
  <inspection_tool class="JsonStandardCompliance" enabled="false" level="ERROR" enabled_by_default="false" />
  <inspection_tool class="LongLine" enabled="false" level="WARNING" enabled_by_default="false" />
  <inspection_tool class="LossyEncoding" enabled="false" level="WARNING" enabled_by_default="false" />
  <inspection_tool class="MakefileUnresolvedPrerequisite" enabled="false" level="WEAK WARNING" enabled_by_default="false" />
  <inspection_tool class="NonAsciiCharacters" enabled="false" level="WARNING" enabled_by_default="false" />
  <inspection_tool class="PbDuplicatedImports" enabled="false" level="WARNING" enabled_by_default="false" />
  <inspection_tool class="ProblematicWhitespace" enabled="false" level="WARNING" enabled_by_default="false" />
  <inspection_tool class="ReassignedToPlainText" enabled="false" level="WARNING" enabled_by_default="false" />
  <inspection_tool class="RedundantSuppression" enabled="false" level="WARNING" enabled_by_default="false" />
  <inspection_tool class="RegExpAnonymousGroup" enabled="false" level="WARNING" enabled_by_default="false" />
  <inspection_tool class="RegExpDuplicateAlternationBranch" enabled="false" level="WARNING" enabled_by_default="false" />
  <inspection_tool class="RegExpDuplicateCharacterInClass" enabled="false" level="WARNING" enabled_by_default="false" />
  <inspection_tool class="RegExpEmptyAlternationBranch" enabled="false" level="WARNING" enabled_by_default="false" />
  <inspection_tool class="RegExpEscapedMetaCharacter" enabled="false" level="INFORMATION" enabled_by_default="false" />
  <inspection_tool class="RegExpOctalEscape" enabled="false" level="INFORMATION" enabled_by_default="false" />
  <inspection_tool class="RegExpRedundantClassElement" enabled="false" level="WEAK WARNING" enabled_by_default="false" />
  <inspection_tool class="RegExpRedundantEscape" enabled="false" level="WARNING" enabled_by_default="false" />
  <inspection_tool class="RegExpRedundantNestedCharacterClass" enabled="false" level="WARNING" enabled_by_default="false" />
  <inspection_tool class="RegExpRepeatedSpace" enabled="false" level="WARNING" enabled_by_default="false" />
  <inspection_tool class="RegExpSimplifiable" enabled="false" level="WEAK WARNING" enabled_by_default="false" />
  <inspection_tool class="RegExpSingleCharAlternation" enabled="false" level="WARNING" enabled_by_default="false" />
  <inspection_tool class="RegExpSuspiciousBackref" enabled="false" level="WARNING" enabled_by_default="false" />
  <inspection_tool class="RegExpUnexpectedAnchor" enabled="false" level="WARNING" enabled_by_default="false" />
  <inspection_tool class="RegExpUnnecessaryNonCapturingGroup" enabled="false" level="WARNING" enabled_by_default="false" />
  <inspection_tool class="RequiredAttributes" enabled="false" level="WARNING" enabled_by_default="false" />
  <inspection_tool class="SSBasedInspection" enabled="true" level="WARNING" enabled_by_default="true" />
  <inspection_tool class="ShellCheck" enabled="false" level="ERROR" enabled_by_default="false" />
  <inspection_tool class="SpellCheckingInspection" enabled="false" level="TYPO" enabled_by_default="false">
    <option name="processCode" value="true" />
    <option name="processLiterals" value="true" />
    <option name="processComments" value="true" />
  </inspection_tool>
  <inspection_tool class="TaskProblemsInspection" enabled="false" level="WEAK WARNING" enabled_by_default="false" />
  <inspection_tool class="TodoComment" enabled="false" level="WARNING" enabled_by_default="false" />
  <inspection_tool class="UnresolvedReference" enabled="false" level="ERROR" enabled_by_default="false" />
  <inspection_tool class="UnusedDefine" enabled="false" level="WARNING" enabled_by_default="false" />
  <inspection_tool class="VgoDependencyDeprecated" enabled="false" level="WARNING" enabled_by_default="false" />
  <inspection_tool class="VgoDependencyUpdateAvailable" enabled="false" level="WEAK WARNING" enabled_by_default="false" />
  <inspection_tool class="VgoDependencyVersionRetracted" enabled="false" level="WARNING" enabled_by_default="false" />
  <inspection_tool class="VgoMigrateFromReplacesToWorkspace" enabled="false" level="WARNING" enabled_by_default="false" />
  <inspection_tool class="VgoUnusedDependency" enabled="true" level="WARNING" enabled_by_default="true" />
  <inspection_tool class="XmlDefaultAttributeValue" enabled="false" level="WARNING" enabled_by_default="false" />
  <inspection_tool class="XmlDeprecatedElement" enabled="false" level="WARNING" enabled_by_default="false" />
  <inspection_tool class="XmlDuplicatedId" enabled="false" level="ERROR" enabled_by_default="false" />
  <inspection_tool class="XmlHighlighting" enabled="false" level="ERROR" enabled_by_default="false" />
  <inspection_tool class="XmlInvalidId" enabled="false" level="ERROR" enabled_by_default="false" />
  <inspection_tool class="XmlPathReference" enabled="false" level="ERROR" enabled_by_default="false" />
  <inspection_tool class="XmlUnboundNsPrefix" enabled="false" level="WARNING" enabled_by_default="false" />
  <inspection_tool class="XmlUnresolvedReference" enabled="false" level="ERROR" enabled_by_default="false" />
  <inspection_tool class="XmlUnusedNamespaceDeclaration" enabled="false" level="WARNING" enabled_by_default="false" />
  <inspection_tool class="XmlWrongRootElement" enabled="false" level="ERROR" enabled_by_default="false" />
  <inspection_tool class="YAMLDuplicatedKeys" enabled="false" level="ERROR" enabled_by_default="false" />
  <inspection_tool class="YAMLIncompatibleTypes" enabled="false" level="WARNING" enabled_by_default="false" />
  <inspection_tool class="YAMLRecursiveAlias" enabled="false" level="ERROR" enabled_by_default="false" />
  <inspection_tool class="YAMLSchemaDeprecation" enabled="false" level="WEAK WARNING" enabled_by_default="false" />
  <inspection_tool class="YAMLSchemaValidation" enabled="false" level="WARNING" enabled_by_default="false" />
  <inspection_tool class="YAMLUnresolvedAlias" enabled="false" level="ERROR" enabled_by_default="false" />
  <inspection_tool class="YAMLUnusedAnchor" enabled="false" level="WARNING" enabled_by_default="false" />
</profile>