<application>
  <component name="ActionsLocalSummary">
    <e n="$Delete">
      <i c="11" l="1748845830036" />
    </e>
    <e n="$SelectAll">
      <i c="19" l="1748845682841" />
    </e>
    <e n="$Undo">
      <i c="84" l="1748435026787" />
    </e>
    <e n="Back">
      <i c="19" l="1747870373309" />
    </e>
    <e n="ChangesView.Revert">
      <i c="2" l="1746950833321" />
    </e>
    <e n="CloseContent">
      <i c="3" l="1748080622395" />
    </e>
    <e n="CodeCompletion">
      <i c="1" l="1746965708539" />
    </e>
    <e n="CollapseAll">
      <i c="1" l="1747869202618" />
    </e>
    <e n="CommentByBlockComment">
      <i c="1" l="1747269762989" />
    </e>
    <e n="EditorBackSpace">
      <i c="653" l="1747869576772" />
    </e>
    <e n="EditorChooseLookupItem">
      <i c="524" l="1747869529099" />
    </e>
    <e n="EditorCopy">
      <i c="276" l="1748845683708" />
    </e>
    <e n="EditorCut">
      <i c="135" l="1747869413016" />
    </e>
    <e n="EditorDeleteLine">
      <i c="2" l="1746951282478" />
    </e>
    <e n="EditorDown">
      <i c="100" l="1747869431744" />
    </e>
    <e n="EditorEnter">
      <i c="386" l="1748845716051" />
    </e>
    <e n="EditorEscape">
      <i c="10" l="1748845684341" />
    </e>
    <e n="EditorLeft">
      <i c="260" l="1747870318799" />
    </e>
    <e n="EditorLineEnd">
      <i c="5" l="1747183634777" />
    </e>
    <e n="EditorLineStart">
      <i c="2" l="1747093388623" />
    </e>
    <e n="EditorNextWord">
      <i c="21" l="1747006661317" />
    </e>
    <e n="EditorPaste">
      <i c="285" l="1748845699081" />
    </e>
    <e n="EditorRight">
      <i c="96" l="1747868728684" />
    </e>
    <e n="EditorStartNewLine">
      <i c="47" l="1747868734992" />
    </e>
    <e n="EditorTab">
      <i c="13" l="1747183376613" />
    </e>
    <e n="EditorUp">
      <i c="42" l="1747869418705" />
    </e>
    <e n="ExpandRecursively">
      <i c="1" l="1747869203366" />
    </e>
    <e n="Find">
      <i c="1" l="1748079582755" />
    </e>
    <e n="FindInPath">
      <i c="1" l="1746973446241" />
    </e>
    <e n="Git.Add">
      <i c="2" l="1747009663903" />
    </e>
    <e n="Go.NewGoFile">
      <i c="27" l="1748845689137" />
    </e>
    <e n="GotoDeclaration">
      <i c="67" l="1747870370349" />
    </e>
    <e n="ManageRecentProjects">
      <i c="7" l="1748076775558" />
    </e>
    <e n="MoveTabRight">
      <i c="3" l="1747095365786" />
    </e>
    <e n="NewDir">
      <i c="12" l="1747178152423" />
    </e>
    <e n="NewElementMenu">
      <i c="48" l="1748845694914" />
    </e>
    <e n="NewFile">
      <i c="2" l="1748845696940" />
    </e>
    <e n="NextTemplateVariable">
      <i c="239" l="1747870314386" />
    </e>
    <e n="OpenFile">
      <i c="1" l="1748076781716" />
    </e>
    <e n="RenameElement">
      <i c="46" l="1747870317591" />
    </e>
    <e n="SaveAll">
      <i c="679" l="1747870371024" />
    </e>
    <e n="SearchEverywhere">
      <i c="1" l="1746953208173" />
    </e>
    <e n="ShowIntentionActions">
      <i c="22" l="1747869429147" />
    </e>
    <e n="Synchronize">
      <i c="3" l="1747009661943" />
    </e>
    <e n="TabList">
      <i c="1" l="1746943583981" />
    </e>
    <e n="Table-selectNextRow">
      <i c="5" l="1746943705450" />
    </e>
    <e n="Table-selectPreviousRow">
      <i c="6" l="1746943704343" />
    </e>
    <e n="Terminal.OpenInTerminal">
      <i c="5" l="1748080624204" />
    </e>
    <e n="ToggleLineBreakpoint">
      <i c="6" l="1748838251938" />
    </e>
    <e n="Tree-selectChild">
      <i c="272" l="1748845757356" />
    </e>
    <e n="Tree-selectNext">
      <i c="37" l="1748680254981" />
    </e>
    <e n="Tree-selectParent">
      <i c="1" l="1746943688375" />
    </e>
    <e n="Tree-selectPrevious">
      <i c="10" l="1748835622200" />
    </e>
    <e n="WelcomeScreen.OpenDirectoryProject">
      <i c="2" l="1746943107061" />
    </e>
    <e n="WelcomeScreen.RemoveSelected">
      <i c="1" l="1748745531671" />
    </e>
    <e n="WelcomeScreen.Settings">
      <i c="1" l="1747051867135" />
    </e>
    <e n="com.goide.postfix.GoPostfixTemplateEditor$ChooseTypeAction">
      <i c="1" l="1747868671424" />
    </e>
    <e n="com.intellij.application.options.schemes.AbstractSchemeActions$ResetAction">
      <i c="14" l="1748789812783" />
    </e>
    <e n="com.intellij.application.options.schemes.AbstractSchemesPanel$ShowSchemesActionsListAction">
      <i c="16" l="1748789811715" />
    </e>
    <e n="com.intellij.codeInsight.daemon.NavigateAction">
      <i c="2" l="1747093921391" />
    </e>
    <e n="com.intellij.codeInsight.template.impl.TemplateListPanel$8">
      <i c="2" l="1746952018152" />
    </e>
    <e n="com.intellij.codeInsight.template.postfix.settings.PostfixTemplateEditorBase$AddConditionAction">
      <i c="4" l="1747868582833" />
    </e>
    <e n="com.intellij.codeInsight.template.postfix.settings.PostfixTemplatesCheckboxTree$4">
      <i c="3" l="1747868658715" />
    </e>
    <e n="com.intellij.find.editorHeaderActions.NextOccurrenceAction">
      <i c="3" l="1748079619269" />
    </e>
    <e n="com.intellij.find.editorHeaderActions.PrevOccurrenceAction">
      <i c="1" l="1748079616586" />
    </e>
    <e n="com.intellij.ide.actions.CollapseAllAction">
      <i c="5" l="1747268137559" />
    </e>
    <e n="com.intellij.ide.plugins.newui.SelectionBasedPluginModelAction$UninstallAction">
      <i c="1" l="1748843108763" />
    </e>
    <e n="com.intellij.ide.ui.customization.CustomizableActionsPanel$RemoveAction">
      <i c="2" l="1746952938881" />
    </e>
    <e n="com.intellij.ide.ui.customization.CustomizationUtil$MyDumbAction">
      <i c="1" l="1746952900437" />
    </e>
    <e n="com.intellij.openapi.actionSystem.AnActionWrapper">
      <i c="2" l="1748785430241" />
    </e>
    <e n="com.intellij.openapi.fileEditor.impl.tabActions.CloseTab">
      <i c="20" l="1748845556440" />
    </e>
    <e n="com.intellij.openapi.keymap.impl.ui.KeymapPanel$AddKeyboardShortcutAction">
      <i c="2" l="1746965743012" />
    </e>
    <e n="com.intellij.openapi.keymap.impl.ui.KeymapPanel$FindByShortcutAction">
      <i c="7" l="1747178239681" />
    </e>
    <e n="com.intellij.openapi.project.DumbAwareAction$SimpleDumbAwareAction">
      <i c="125" l="1748843589818" />
    </e>
    <e n="com.intellij.openapi.ui.impl.DialogWrapperPeerImpl$AnCancelAction">
      <i c="35" l="1748845762859" />
    </e>
    <e n="com.intellij.openapi.wm.impl.welcomeScreen.WelcomeScreenComponentFactory$4">
      <i c="1" l="1747051865144" />
    </e>
    <e n="com.intellij.profile.codeInspection.ui.LevelChooserAction$HighlightSeverityAction">
      <i c="1" l="1748048331547" />
    </e>
    <e n="com.intellij.toolWindow.ToolWindowHeader$HideAction">
      <i c="2" l="1746950815348" />
    </e>
    <e n="com.intellij.ui.CommonActionsPanel$AddButton">
      <i c="10" l="1747868693340" />
    </e>
    <e n="com.intellij.ui.CommonActionsPanel$EditButton">
      <i c="2" l="1746967722196" />
    </e>
    <e n="com.intellij.ui.CommonActionsPanel$RemoveButton">
      <i c="11" l="1747868689714" />
    </e>
    <e n="com.intellij.xdebugger.impl.actions.EditBreakpointAction$ContextAction">
      <i c="1" l="1748838249376" />
    </e>
    <e n="com.intellij.xdebugger.impl.breakpoints.RemoveBreakpointGutterIconAction">
      <i c="7" l="1748838252529" />
    </e>
  </component>
</application>