<application>
  <component name="ActionsLocalSummary">
    <e n="$Delete">
      <i c="8" l="1747178219095" />
    </e>
    <e n="$SelectAll">
      <i c="11" l="1747868497576" />
    </e>
    <e n="$Undo">
      <i c="72" l="1747868753563" />
    </e>
    <e n="Back">
      <i c="11" l="1747868638400" />
    </e>
    <e n="ChangesView.Revert">
      <i c="2" l="1746950833321" />
    </e>
    <e n="CloseContent">
      <i c="2" l="1747094510728" />
    </e>
    <e n="CodeCompletion">
      <i c="1" l="1746965708539" />
    </e>
    <e n="CommentByBlockComment">
      <i c="1" l="1747269762989" />
    </e>
    <e n="EditorBackSpace">
      <i c="643" l="1747868760618" />
    </e>
    <e n="EditorChooseLookupItem">
      <i c="507" l="1747868759038" />
    </e>
    <e n="EditorCopy">
      <i c="160" l="1747868498433" />
    </e>
    <e n="EditorCut">
      <i c="97" l="1747868841142" />
    </e>
    <e n="EditorDeleteLine">
      <i c="2" l="1746951282478" />
    </e>
    <e n="EditorDown">
      <i c="99" l="1747868738620" />
    </e>
    <e n="EditorEnter">
      <i c="369" l="1747868752376" />
    </e>
    <e n="EditorEscape">
      <i c="6" l="1747183487943" />
    </e>
    <e n="EditorLeft">
      <i c="258" l="1747868739162" />
    </e>
    <e n="EditorLineEnd">
      <i c="5" l="1747183634777" />
    </e>
    <e n="EditorLineStart">
      <i c="2" l="1747093388623" />
    </e>
    <e n="EditorNextWord">
      <i c="21" l="1747006661317" />
    </e>
    <e n="EditorPaste">
      <i c="186" l="1747868524044" />
    </e>
    <e n="EditorRight">
      <i c="96" l="1747868728684" />
    </e>
    <e n="EditorStartNewLine">
      <i c="47" l="1747868734992" />
    </e>
    <e n="EditorTab">
      <i c="13" l="1747183376613" />
    </e>
    <e n="EditorUp">
      <i c="40" l="1747868734301" />
    </e>
    <e n="FindInPath">
      <i c="1" l="1746973446241" />
    </e>
    <e n="Git.Add">
      <i c="2" l="1747009663903" />
    </e>
    <e n="Go.NewGoFile">
      <i c="25" l="1747183220622" />
    </e>
    <e n="GotoDeclaration">
      <i c="55" l="1747782681971" />
    </e>
    <e n="ManageRecentProjects">
      <i c="5" l="1747782670371" />
    </e>
    <e n="MoveTabRight">
      <i c="3" l="1747095365786" />
    </e>
    <e n="NewDir">
      <i c="12" l="1747178152423" />
    </e>
    <e n="NewElementMenu">
      <i c="45" l="1747183218882" />
    </e>
    <e n="NewFile">
      <i c="1" l="1746950799906" />
    </e>
    <e n="NextTemplateVariable">
      <i c="227" l="1747183867141" />
    </e>
    <e n="RenameElement">
      <i c="41" l="1747095712629" />
    </e>
    <e n="SaveAll">
      <i c="576" l="1747868841649" />
    </e>
    <e n="SearchEverywhere">
      <i c="1" l="1746953208173" />
    </e>
    <e n="ShowIntentionActions">
      <i c="21" l="1747178566258" />
    </e>
    <e n="Synchronize">
      <i c="3" l="1747009661943" />
    </e>
    <e n="TabList">
      <i c="1" l="1746943583981" />
    </e>
    <e n="Table-selectNextRow">
      <i c="5" l="1746943705450" />
    </e>
    <e n="Table-selectPreviousRow">
      <i c="6" l="1746943704343" />
    </e>
    <e n="Terminal.OpenInTerminal">
      <i c="3" l="1747094444062" />
    </e>
    <e n="ToggleLineBreakpoint">
      <i c="1" l="1746966700810" />
    </e>
    <e n="Tree-selectChild">
      <i c="1" l="1746943686830" />
    </e>
    <e n="Tree-selectNext">
      <i c="36" l="1746940470807" />
    </e>
    <e n="Tree-selectParent">
      <i c="1" l="1746943688375" />
    </e>
    <e n="Tree-selectPrevious">
      <i c="2" l="1746951363855" />
    </e>
    <e n="WelcomeScreen.OpenDirectoryProject">
      <i c="2" l="1746943107061" />
    </e>
    <e n="WelcomeScreen.Settings">
      <i c="1" l="1747051867135" />
    </e>
    <e n="com.goide.postfix.GoPostfixTemplateEditor$ChooseTypeAction">
      <i c="1" l="1747868671424" />
    </e>
    <e n="com.intellij.application.options.schemes.AbstractSchemeActions$ResetAction">
      <i c="4" l="1747007471356" />
    </e>
    <e n="com.intellij.application.options.schemes.AbstractSchemesPanel$ShowSchemesActionsListAction">
      <i c="4" l="1747007469920" />
    </e>
    <e n="com.intellij.codeInsight.daemon.NavigateAction">
      <i c="2" l="1747093921391" />
    </e>
    <e n="com.intellij.codeInsight.template.impl.TemplateListPanel$8">
      <i c="2" l="1746952018152" />
    </e>
    <e n="com.intellij.codeInsight.template.postfix.settings.PostfixTemplateEditorBase$AddConditionAction">
      <i c="4" l="1747868582833" />
    </e>
    <e n="com.intellij.codeInsight.template.postfix.settings.PostfixTemplatesCheckboxTree$4">
      <i c="3" l="1747868658715" />
    </e>
    <e n="com.intellij.ide.actions.CollapseAllAction">
      <i c="5" l="1747268137559" />
    </e>
    <e n="com.intellij.ide.ui.customization.CustomizableActionsPanel$RemoveAction">
      <i c="2" l="1746952938881" />
    </e>
    <e n="com.intellij.ide.ui.customization.CustomizationUtil$MyDumbAction">
      <i c="1" l="1746952900437" />
    </e>
    <e n="com.intellij.openapi.actionSystem.AnActionWrapper">
      <i c="1" l="1746939898044" />
    </e>
    <e n="com.intellij.openapi.fileEditor.impl.tabActions.CloseTab">
      <i c="10" l="1747009666971" />
    </e>
    <e n="com.intellij.openapi.keymap.impl.ui.KeymapPanel$AddKeyboardShortcutAction">
      <i c="2" l="1746965743012" />
    </e>
    <e n="com.intellij.openapi.keymap.impl.ui.KeymapPanel$FindByShortcutAction">
      <i c="7" l="1747178239681" />
    </e>
    <e n="com.intellij.openapi.project.DumbAwareAction$SimpleDumbAwareAction">
      <i c="9" l="1747007460665" />
    </e>
    <e n="com.intellij.openapi.ui.impl.DialogWrapperPeerImpl$AnCancelAction">
      <i c="16" l="1747868747810" />
    </e>
    <e n="com.intellij.openapi.wm.impl.welcomeScreen.WelcomeScreenComponentFactory$4">
      <i c="1" l="1747051865144" />
    </e>
    <e n="com.intellij.toolWindow.ToolWindowHeader$HideAction">
      <i c="2" l="1746950815348" />
    </e>
    <e n="com.intellij.ui.CommonActionsPanel$AddButton">
      <i c="10" l="1747868693340" />
    </e>
    <e n="com.intellij.ui.CommonActionsPanel$EditButton">
      <i c="2" l="1746967722196" />
    </e>
    <e n="com.intellij.ui.CommonActionsPanel$RemoveButton">
      <i c="11" l="1747868689714" />
    </e>
  </component>
</application>