<application>
  <component name="FeatureUsageStatistics" first-run="1746932085075" have-been-shown="false" show-in-other="true" show-in-compilation="true">
    <feature id="editing.completion.camelHumps" count="47" last-shown="0" last-used="1747869415737" shown-count="0" />
    <feature id="codeassists.surroundwith.statement" count="0" last-shown="0" last-used="0" shown-count="0" />
    <feature id="navigation.goto.file.line" count="0" last-shown="0" last-used="0" shown-count="0" />
    <feature id="editing.completion.finishBySmartEnter" count="0" last-shown="0" last-used="0" shown-count="0" />
    <feature id="navigation.popup.symbol" count="0" last-shown="0" last-used="0" shown-count="0" />
    <feature id="switcher" count="0" last-shown="0" last-used="0" shown-count="0" />
    <feature id="editing.completion.replace" count="0" last-shown="1747870312447" last-used="0" shown-count="1355" />
    <feature id="codeassists.complete.statement" count="0" last-shown="0" last-used="0" shown-count="0" />
    <feature id="vcs.show.quick.list" count="0" last-shown="0" last-used="0" shown-count="0" />
    <feature id="editing.convert.line.separators" count="0" last-shown="0" last-used="0" shown-count="0" />
    <feature id="navigation.recent.files" count="0" last-shown="0" last-used="0" shown-count="0" />
    <feature id="scratch" count="0" last-shown="0" last-used="0" shown-count="0" />
    <feature id="vcs.pull.requests" count="0" last-shown="0" last-used="0" shown-count="0" />
    <feature id="vcs.annotate" count="0" last-shown="0" last-used="0" shown-count="0" />
    <feature id="ui.open.last.tool.window" count="0" last-shown="0" last-used="0" shown-count="0" />
    <feature id="editing.reformat.code" count="0" last-shown="0" last-used="0" shown-count="0" />
    <feature id="editing.completion.show.liveTemplates" count="0" last-shown="0" last-used="0" shown-count="0" />
    <feature id="editing.copy.line" count="2" last-shown="0" last-used="1748834638253" shown-count="0" />
    <feature id="navigation.find.in.files" count="1" last-shown="0" last-used="1746973446414" shown-count="0" />
    <feature id="ui.hide.tool.window" count="2" last-shown="0" last-used="1746950815354" shown-count="0" />
    <feature id="navigation.find.replace.in.files.toggle" count="0" last-shown="0" last-used="0" shown-count="0" />
    <feature id="intentions.check.regexp" count="0" last-shown="0" last-used="0" shown-count="0" />
    <feature id="profiler.open.snapshot" count="0" last-shown="0" last-used="0" shown-count="0" />
    <feature id="codeassists.comment.line" count="0" last-shown="0" last-used="0" shown-count="0" />
    <feature id="SearchEverywhere" count="1" last-shown="0" last-used="1746953208338" shown-count="0" />
    <feature id="editor.delete.line" count="2" last-shown="0" last-used="1746951282483" shown-count="0" />
    <feature id="navigation.inheritance.hierarchy" count="0" last-shown="0" last-used="0" shown-count="0" />
    <feature id="editing.duplicate" count="0" last-shown="0" last-used="0" shown-count="0" />
    <feature id="editing.copy.reference" count="0" last-shown="0" last-used="0" shown-count="0" />
    <feature id="navigation.find" count="1" last-shown="0" last-used="1748079582838" shown-count="0" />
    <feature id="codeassists.quickdefinition" count="0" last-shown="0" last-used="0" shown-count="0" />
    <feature id="editing.completion.basic" count="524" last-shown="0" last-used="1747869529134" shown-count="0" />
    <feature id="editing.completion.postfix" count="3" last-shown="0" last-used="1747868635936" shown-count="0" />
    <feature id="dir.diff" count="0" last-shown="0" last-used="0" shown-count="0" />
    <feature id="navigation.recent.locations" count="0" last-shown="0" last-used="0" shown-count="0" />
    <feature id="editing.select.word" count="0" last-shown="0" last-used="0" shown-count="0" />
    <feature id="ui.close.other.editors" count="0" last-shown="0" last-used="0" shown-count="0" />
    <feature id="debugger.evaluate.expression" count="0" last-shown="0" last-used="0" shown-count="0" />
    <feature id="codeassists.highlight.usages" count="0" last-shown="0" last-used="0" shown-count="0" />
    <feature id="debugger.breakpoint.edit" count="1" last-shown="0" last-used="1748838249443" shown-count="0" />
    <feature id="editing.completion.smarttype.general" count="0" last-shown="0" last-used="0" shown-count="0" />
    <feature id="codeassist.inspect.batch" count="0" last-shown="0" last-used="0" shown-count="0" />
    <feature id="codeassists.liveTemplates" count="0" last-shown="0" last-used="0" shown-count="0" />
    <feature id="navigation.goto.usages" count="0" last-shown="0" last-used="0" shown-count="0" />
    <feature id="codeassists.comment.block" count="1" last-shown="0" last-used="1747269763000" shown-count="0" />
    <feature id="intentions.edit.regexp" count="0" last-shown="0" last-used="0" shown-count="0" />
    <feature id="codeassists.quickdefinition.lookup" count="0" last-shown="0" last-used="0" shown-count="0" />
    <feature id="navigation.find.usages" count="0" last-shown="0" last-used="0" shown-count="0" />
    <feature id="editing.clipboard.history" count="0" last-shown="0" last-used="0" shown-count="0" />
    <feature id="editing.compare.editor.with.clipboard" count="0" last-shown="0" last-used="0" shown-count="0" />
    <feature id="refactoring.rename" count="46" last-shown="0" last-used="1747870317623" shown-count="0" />
    <feature id="navigation.popup.action" count="0" last-shown="0" last-used="0" shown-count="0" />
    <feature id="refactoring.show.quick.list" count="0" last-shown="0" last-used="0" shown-count="0" />
    <feature id="editing.completion.cancelByControlArrows" count="0" last-shown="0" last-used="0" shown-count="0" />
    <feature id="find.recent.search" count="0" last-shown="0" last-used="0" shown-count="0" />
    <feature id="navigation.goto.inspection" count="0" last-shown="0" last-used="0" shown-count="0" />
    <feature id="vcs.show.local.history" count="0" last-shown="0" last-used="0" shown-count="0" />
    <feature id="vcs.use.integration" count="0" last-shown="0" last-used="0" shown-count="0" />
    <feature id="navigation.popup.file" count="0" last-shown="0" last-used="0" shown-count="0" />
    <feature id="codeassists.overrideimplement" count="0" last-shown="0" last-used="0" shown-count="0" />
    <feature id="ui.close.all.editors" count="0" last-shown="0" last-used="0" shown-count="0" />
    <feature id="navigation.popup.wildcards" count="0" last-shown="0" last-used="0" shown-count="0" />
    <feature id="refactoring.introduceVariable" count="0" last-shown="0" last-used="0" shown-count="0" />
    <feature id="refactoring.extractMethod" count="0" last-shown="0" last-used="0" shown-count="0" />
    <feature id="codeassists.javadoc.external" count="0" last-shown="0" last-used="0" shown-count="0" />
    <feature id="codeassists.surroundwith.expression" count="0" last-shown="0" last-used="0" shown-count="0" />
    <feature id="codeassists.generate.code" count="0" last-shown="0" last-used="0" shown-count="0" />
    <feature id="navigation.goto.declaration" count="67" last-shown="0" last-used="1747870370358" shown-count="0" />
    <feature id="editing.completion.finishByDotEtc" count="3" last-shown="0" last-used="1747007514936" shown-count="0" />
    <feature id="ui.open.project.tool.window" count="0" last-shown="0" last-used="0" shown-count="0" />
    <feature id="editing.join.lines" count="0" last-shown="0" last-used="0" shown-count="0" />
    <feature id="navigation.goto.implementation" count="0" last-shown="0" last-used="0" shown-count="0" />
    <feature id="debugger.breakpoint.non.suspending" count="0" last-shown="0" last-used="0" shown-count="0" />
    <feature id="editing.completion.finishByCtrlDot" count="0" last-shown="0" last-used="0" shown-count="0" />
    <feature id="codeassists.context.actions" count="22" last-shown="0" last-used="1747869429196" shown-count="0" />
    <feature id="navigation.select.in" count="0" last-shown="0" last-used="0" shown-count="0" />
    <feature id="ui.tree.speedsearch" count="0" last-shown="0" last-used="0" shown-count="0" />
    <feature id="ui.horizontal.scrolling" count="0" last-shown="0" last-used="0" shown-count="0" />
    <feature id="navigation.replace" count="0" last-shown="0" last-used="0" shown-count="0" />
    <feature id="codeassists.highlight.return" count="0" last-shown="0" last-used="0" shown-count="0" />
    <feature id="navigation.popup.camelprefix" count="0" last-shown="0" last-used="0" shown-count="0" />
    <feature id="navigation.popup.class" count="0" last-shown="0" last-used="0" shown-count="0" />
    <feature id="codeassists.parameterInfo" count="0" last-shown="0" last-used="0" shown-count="0" />
    <feature id="find.completion" count="0" last-shown="0" last-used="0" shown-count="0" />
    <feature id="tag.name.completion" count="0" last-shown="0" last-used="0" shown-count="0" />
    <feature id="refactoring.introduceVariable.incompleteStatement" count="0" last-shown="0" last-used="0" shown-count="0" />
    <feature id="vcs.compare.file.versions" count="0" last-shown="0" last-used="0" shown-count="0" />
    <feature id="navigation.find.replace.toggle" count="0" last-shown="0" last-used="0" shown-count="0" />
    <feature id="editing.add.carets.using.double.ctrl" count="0" last-shown="0" last-used="0" shown-count="0" />
    <feature id="codeassists.quickjavadoc.lookup" count="0" last-shown="0" last-used="0" shown-count="0" />
    <feature id="ui.scheme.quickswitch" count="0" last-shown="0" last-used="0" shown-count="0" />
    <feature id="navigation.replace.in.files" count="0" last-shown="0" last-used="0" shown-count="0" />
    <feature id="navigation.popup.file.structure" count="0" last-shown="0" last-used="0" shown-count="0" />
    <feature id="codeassists.quickjavadoc.ctrln" count="0" last-shown="0" last-used="0" shown-count="0" />
    <feature id="codeassists.quickjavadoc" count="0" last-shown="0" last-used="0" shown-count="0" />
    <feature id="ui.recentchanges" count="0" last-shown="0" last-used="0" shown-count="0" />
    <feature id="editing.move.statement.up.down" count="0" last-shown="0" last-used="0" shown-count="0" />
    <feature id="editing.completion.changeSorting" count="0" last-shown="0" last-used="0" shown-count="0" />
    <completionStatsTag>
      <option name="sparedCharacters" value="5405" />
      <option name="invocations" value="479" />
      <option name="startDate" value="1746892800000" />
      <option name="dayCount" value="6" />
      <option name="lastDate" value="1747843200000" />
    </completionStatsTag>
    <fixesStatsTag>
      <option name="invocations" value="18" />
      <option name="startDate" value="1746892800000" />
      <option name="dayCount" value="5" />
      <option name="lastDate" value="1747843200000" />
    </fixesStatsTag>
  </component>
</application>