<application>
  <component name="IntentionManagerSettings">
    <ignoreAction name="Choose template data language/Template language settings" />
    <ignoreAction name="Go/Add dot import alias" />
    <ignoreAction name="Go/Add format string argument" />
    <ignoreAction name="Go/Add import alias" />
    <ignoreAction name="Go/Add key to tags" />
    <ignoreAction name="Go/Add method to interface and all its implementations" />
    <ignoreAction name="Go/Change field name style in tags" />
    <ignoreAction name="Go/Convert to short var declaration" />
    <ignoreAction name="Go/Convert to var declaration" />
    <ignoreAction name="Go/Exclude string formatting function" />
    <ignoreAction name="Go/Expand signature types" />
    <ignoreAction name="Go/Export" />
    <ignoreAction name="Go/Fill all fields" />
    <ignoreAction name="Go/Fill all fields recursively" />
    <ignoreAction name="Go/Fill fields…" />
    <ignoreAction name="Go/Fill paragraph" />
    <ignoreAction name="Go/Flip binary operator" />
    <ignoreAction name="Go/Generate constructor" />
    <ignoreAction name="Go/Generate getter" />
    <ignoreAction name="Go/Generate getter and setter" />
    <ignoreAction name="Go/Generate method" />
    <ignoreAction name="Go/Generate setter" />
    <ignoreAction name="Go/Generate struct fields from JSON" />
    <ignoreAction name="Go/Generate type from JSON" />
    <ignoreAction name="Go/Go to implementations" />
    <ignoreAction name="Go/Go to interface" />
    <ignoreAction name="Go/Implement interface" />
    <ignoreAction name="Go/Invert if" />
    <ignoreAction name="Go/Mark as string formatting function" />
    <ignoreAction name="Go/Migrate function parameter to method receiver" />
    <ignoreAction name="Go/Move field assignment to struct initialization" />
    <ignoreAction name="Go/Negate expression" />
    <ignoreAction name="Go/Negate expression recursively" />
    <ignoreAction name="Go/Negate topmost expression" />
    <ignoreAction name="Go/Negate topmost expression recursively" />
    <ignoreAction name="Go/Remove dot import alias" />
    <ignoreAction name="Go/Remove keys from struct literal" />
    <ignoreAction name="Go/Remove method from interface and all its implementations" />
    <ignoreAction name="Go/Replace 'if' with 'switch'" />
    <ignoreAction name="Go/Reuse signature types" />
    <ignoreAction name="Go/Run go generate on comment" />
    <ignoreAction name="Go/Run go generate on file" />
    <ignoreAction name="Go/Run go generate on package" />
    <ignoreAction name="Go/Specify type explicitly" />
    <ignoreAction name="Go/Update key value in tags" />
    <ignoreAction name="Go/Declarations/Add parens to declaration" />
    <ignoreAction name="Go/Declarations/Merge all declarations" />
    <ignoreAction name="Go/Declarations/Merge declaration up" />
    <ignoreAction name="Go/Declarations/Merge declaration up via comma" />
    <ignoreAction name="Go/Declarations/Remove parens from declaration" />
    <ignoreAction name="Go/Declarations/Split all declarations" />
    <ignoreAction name="Go/Declarations/Split declarations by comma" />
    <ignoreAction name="Go/Declarations/Split declarations into two groups" />
    <ignoreAction name="Go modules/Update…" />
    <ignoreAction name="JSON/Missing optional properties" />
    <ignoreAction name="JSON/Sort properties alphabetically" />
    <ignoreAction name="Language injection/Edit injected fragment" />
    <ignoreAction name="LightEdit mode/Open file in project…" />
    <ignoreAction name="LSP/Apply code action" />
    <ignoreAction name="Microservices/Open in web browser" />
    <ignoreAction name="Other/Convert absolute path to relative" />
    <ignoreAction name="Other/Convert relative path to absolute" />
    <ignoreAction name="Other/Create new scratch file from selection" />
    <ignoreAction name="Other/Flip comma" />
    <ignoreAction name="Other/Put elements on multiple lines" />
    <ignoreAction name="Other/Put elements on one line" />
    <ignoreAction name="RegExp/Check RegExp" />
    <ignoreAction name="Shell script/Explain shell" />
    <ignoreAction name="Shell script/Rename all occurrences" />
    <ignoreAction name="XML/Add 'xsi:schemaLocation' attribute" />
    <ignoreAction name="XML/Choose color" />
    <ignoreAction name="XML/Collapse empty tag" />
    <ignoreAction name="XML/Convert CDATA to text" />
    <ignoreAction name="XML/Convert text to CDATA" />
    <ignoreAction name="XML/Fetch external resource" />
    <ignoreAction name="XML/Insert namespace prefix" />
    <ignoreAction name="XML/Manually set up external resource" />
    <ignoreAction name="XML/Rearrange tag attributes" />
    <ignoreAction name="XML/Remove attribute" />
    <ignoreAction name="XML/Remove tag (preserves children)" />
    <ignoreAction name="XML/Reset to default namespace" />
    <ignoreAction name="XML/Split current tag" />
    <ignoreAction name="YAML/Expand all collections inside" />
    <ignoreAction name="YAML/Expand collection" />
    <ignoreAction name="YAML/Inline collection" />
    <ignoreAction name="YAML/Missing optional properties" />
  </component>
</application>