<application>
  <component name="AppInspectionProfilesVisibleTreeState">
    <entry key="Default">
      <profile-state>
        <expanded-state>
          <State>
            <id>Code style issuesGo</id>
          </State>
          <State>
            <id>Go</id>
          </State>
        </expanded-state>
        <selected-state>
          <State>
            <id>GoExportedElementShouldHaveComment</id>
          </State>
        </selected-state>
      </profile-state>
    </entry>
  </component>
  <component name="FileEditorProviderManager">{}</component>
  <component name="NotRoamableUiSettings">
    <option name="fontFace" value="mononoki" />
    <option name="fontSize" value="12.0" />
    <option name="presentationModeIdeScale" value="1.75" />
    <option name="overrideLafFonts" value="true" />
  </component>
  <component name="PropertyService"><![CDATA[{
  "keyToString": {
    "ChangesViewManager.DETAILS_SPLITTER_PROPORTION": "0.27537093",
    "ColorChooser.RecentColors": "193-202-212-255,,,45-52-63-255,,,122-168-131-255,,,76-79-85-255,,,239-99-165-255,,,216-219-226-255,,,46-50-58-255,,,208-211-218-255,,,40-44-52-255,,,212-212-212-255,,,30-30-30-255,,,57-60-68-255,,,135-137-142-255,,,194-197-203-255,,,23-51-121-255",
    "EXPORTABILITY_SORTER.file.structure.state": "true",
    "FileTemplates.SelectedTemplate": "HTML File",
    "GO_TAG_FIELD_NAME_STYLE": "pascal",
    "InstalledPluginsSearchHistory": "one dark\n/tag:\"Language Pack\"",
    "KEYMAP": "show con",
    "LAST_CALCULATED_COLOR_INDEX_KEY": "3",
    "LAST_EXTRACTOR_SCRIPTS_CLEANUP_VERSION/data/aggregators": "GO-243.26053.20",
    "LayoutCode.codeCleanup": "true",
    "LayoutCode.optimizeImports": "true",
    "MarketplacePluginsSearchHistory": "one dark\none da r k\none da\none\n/tag:\"Language Pack\"",
    "NextRunPlatformUpdateBuild": "GO-251.23774.430",
    "NextRunPlatformUpdateSelfBuild": "GO-243.26053.20",
    "NextRunPlatformUpdateVersion": "2025.1",
    "PluginConfigurable.selectionTab": "1",
    "RunOnceActivity.VFSInitializationConditionsToFusReporter": "true",
    "RunOnceActivity.go.enabled.exportability.sorter": "true",
    "RunOnceActivity.go.init.cfg.2": "true",
    "RunOnceActivity.go.init.cfg.line.markers": "true",
    "RunOnceActivity.go.libraries.notification.had.been.shown": "true",
    "RunOnceActivity.go.optimizeImportsByDefault": "true",
    "RunOnceActivity.go.tips.were.enabled.once": "true",
    "RunOnceActivity.terminal.shell.command.handling.was.disabled.once": "true",
    "SettingsSearchHistory": "s\nfont",
    "enter_selection_count": "5",
    "evlsprt3.243": "5",
    "experimental.ui.first.promotion.localdate": "2025-05-11",
    "experimental.ui.on.first.startup": "false",
    "experimentalFeature.terminal.shell.command.handling": "false",
    "file.gist.reindex.count": "6",
    "fileTypeChangedCounter": "1",
    "fontSizeToResetConsole": "14.0",
    "fontSizeToResetEditor": "14.0",
    "go.first.run.time": "1746942899311",
    "gotit.previous.run": "GO-243.26053.20",
    "migrated.non.roamable.values.from.general.settings": "true",
    "previousColorScheme": "_@user_Moonlit",
    "registry.to.advanced.settings.migration.build": "GO-243.26053.20",
    "selected.color.option.type": "PROTO_VALID_STRING_ESCAPE",
    "settings.code.style.selected.tab.go": "Other"
  },
  "keyToStringList": {
    "fileTypeDetectors": [
      "com.intellij.ide.scratch.ScratchFileServiceImpl$Detector",
      "com.goide.execution.testing.frameworks.gofuzz.corpus.GoFuzzCorpusFileTypeDetector"
    ]
  }
}]]></component>
  <component name="ShownTips">{
  &quot;shownTips&quot;: {
    &quot;SearchEverywhere&quot;: 1747269040697
  },
  &quot;proposedTips&quot;: {
    &quot;SearchEverywhere&quot;: 1747269040657
  },
  &quot;tipsOrderSeed&quot;: 1747269040643
}</component>
  <component name="TerminalUiSettingsManager">
    <option name="cursorShape" value="UNDERLINE" />
  </component>
  <component name="json_parser_conf">
    <option name="jsonParserLastDisplayTime" value="1746943297498" />
  </component>
</application>