<application>
  <component name="AppInspectionProfilesVisibleTreeState">
    <entry key="Default">
      <profile-state>
        <expanded-state>
          <State>
            <id>Code style issuesGo</id>
          </State>
          <State>
            <id>Go</id>
          </State>
        </expanded-state>
        <selected-state>
          <State>
            <id>GoExportedElementShouldHaveComment</id>
          </State>
        </selected-state>
      </profile-state>
    </entry>
  </component>
  <component name="FileEditorProviderManager">{}</component>
  <component name="NotRoamableUiSettings">
    <option name="fontFace" value="mononoki" />
    <option name="fontSize" value="12.0" />
    <option name="presentationModeIdeScale" value="1.75" />
    <option name="overrideLafFonts" value="true" />
  </component>
  <component name="PropertyService">{
  &quot;keyToString&quot;: {
    &quot;ColorChooser.RecentColors&quot;: &quot;135-137-142-255,,,194-197-203-255,,,40-44-52-255,,,23-51-121-255,,,239-99-165-255&quot;,
    &quot;EXPORTABILITY_SORTER.file.structure.state&quot;: &quot;true&quot;,
    &quot;FileTemplates.SelectedTemplate&quot;: &quot;HTML File&quot;,
    &quot;GO_TAG_FIELD_NAME_STYLE&quot;: &quot;pascal&quot;,
    &quot;InstalledPluginsSearchHistory&quot;: &quot;/tag:\&quot;Language Pack\&quot;&quot;,
    &quot;KEYMAP&quot;: &quot;show con&quot;,
    &quot;LAST_CALCULATED_COLOR_INDEX_KEY&quot;: &quot;2&quot;,
    &quot;LAST_EXTRACTOR_SCRIPTS_CLEANUP_VERSION/data/aggregators&quot;: &quot;GO-243.26053.20&quot;,
    &quot;LayoutCode.codeCleanup&quot;: &quot;true&quot;,
    &quot;LayoutCode.optimizeImports&quot;: &quot;true&quot;,
    &quot;MarketplacePluginsSearchHistory&quot;: &quot;/tag:\&quot;Language Pack\&quot;&quot;,
    &quot;NextRunPlatformUpdateBuild&quot;: &quot;GO-251.23774.430&quot;,
    &quot;NextRunPlatformUpdateSelfBuild&quot;: &quot;GO-243.26053.20&quot;,
    &quot;NextRunPlatformUpdateVersion&quot;: &quot;2025.1&quot;,
    &quot;RunOnceActivity.VFSInitializationConditionsToFusReporter&quot;: &quot;true&quot;,
    &quot;RunOnceActivity.go.enabled.exportability.sorter&quot;: &quot;true&quot;,
    &quot;RunOnceActivity.go.init.cfg.2&quot;: &quot;true&quot;,
    &quot;RunOnceActivity.go.init.cfg.line.markers&quot;: &quot;true&quot;,
    &quot;RunOnceActivity.go.libraries.notification.had.been.shown&quot;: &quot;true&quot;,
    &quot;RunOnceActivity.go.optimizeImportsByDefault&quot;: &quot;true&quot;,
    &quot;RunOnceActivity.go.tips.were.enabled.once&quot;: &quot;true&quot;,
    &quot;RunOnceActivity.terminal.shell.command.handling.was.disabled.once&quot;: &quot;true&quot;,
    &quot;SettingsSearchHistory&quot;: &quot;s\nfont&quot;,
    &quot;enter_selection_count&quot;: &quot;5&quot;,
    &quot;evlsprt3.243&quot;: &quot;5&quot;,
    &quot;experimental.ui.first.promotion.localdate&quot;: &quot;2025-05-11&quot;,
    &quot;experimental.ui.on.first.startup&quot;: &quot;false&quot;,
    &quot;experimentalFeature.terminal.shell.command.handling&quot;: &quot;false&quot;,
    &quot;file.gist.reindex.count&quot;: &quot;4&quot;,
    &quot;fileTypeChangedCounter&quot;: &quot;1&quot;,
    &quot;fontSizeToResetConsole&quot;: &quot;13.0&quot;,
    &quot;fontSizeToResetEditor&quot;: &quot;13.0&quot;,
    &quot;go.first.run.time&quot;: &quot;1746942899311&quot;,
    &quot;gotit.previous.run&quot;: &quot;GO-243.26053.20&quot;,
    &quot;migrated.non.roamable.values.from.general.settings&quot;: &quot;true&quot;,
    &quot;previousColorScheme&quot;: &quot;_@user_Dusk&quot;,
    &quot;registry.to.advanced.settings.migration.build&quot;: &quot;GO-243.26053.20&quot;,
    &quot;selected.color.option.type&quot;: &quot;BREADCRUMBS_INACTIVE&quot;,
    &quot;settings.code.style.selected.tab.go&quot;: &quot;Other&quot;
  },
  &quot;keyToStringList&quot;: {
    &quot;fileTypeDetectors&quot;: [
      &quot;com.intellij.ide.scratch.ScratchFileServiceImpl$Detector&quot;,
      &quot;com.goide.execution.testing.frameworks.gofuzz.corpus.GoFuzzCorpusFileTypeDetector&quot;
    ]
  }
}</component>
  <component name="ShownTips"><![CDATA[{
  "shownTips": {
    "SearchEverywhere": 1747269040697
  },
  "proposedTips": {
    "SearchEverywhere": 1747269040657
  },
  "tipsOrderSeed": 1747269040643
}]]></component>
  <component name="TerminalUiSettingsManager">
    <option name="cursorShape" value="UNDERLINE" />
  </component>
  <component name="json_parser_conf">
    <option name="jsonParserLastDisplayTime" value="1746943297498" />
  </component>
</application>